无锡市无锡中关村科技创新园,新吴硕放太科园干城路6号（环太湖高速公路新安出口与312国道交叉处）,5500
无锡市第一上海广场,宜兴市宜兴绿园路恒峰线缆对面,价格待定
无锡市中凯润投资硕放项目,新吴硕放高浪东路19号（高浪路与锡士路交汇处，新区教堂南侧）,价格待定
无锡市中锦城硕放项目,新吴硕放薛典路东侧，经一路西侧,价格待定
无锡市星富广场,新吴硕放薛典路东侧、经一路西侧,价格待定
无锡市新太阳房产阳山项目,惠山堰桥林新路2号,价格待定
无锡市金汇熙园,惠山堰桥东至阳山镇派出所，南至环山路,价格待定
无锡市景湖天成,宜兴市宜兴东临宜园，南至氿南路，西至新长铁路宜兴城区段，北至西氿,14000
无锡市景湖天成,宜兴市宜兴东临宜园，南至氿南路，西至新长铁路宜兴城区段，北至西氿,14000
无锡市万业观山泓郡,锡山东北塘东翔路1509号,20000
无锡市碧桂园天玺,宜兴市宜兴东临宜园，南至氿南路，西至新长铁路宜兴城区段，北至西氿,14000
无锡市景湖天成,江阴市江阴南闸街道金三角路与紫金路交汇处,9500
无锡市融创文化旅游城,滨湖雪浪南泉万达城朗山,19000
无锡市中梁壹号院,宜兴市宜兴太湖大道与学府东路交汇处,价格待定
无锡市海逸北欧假日,宜兴市宜兴中心路166号,6800
无锡市中梁壹号院,宜兴市宜兴太湖大道与学府东路交汇处,价格待定
无锡市香颂世家,宜兴市宜兴凌霞村宜金公路北侧，官林汽车站对面,8500
无锡市山水氿城,宜兴市宜兴宜兴中学东侧500米,价格待定
无锡市恒大溪隐府,滨湖胡埭溪隐路100号（市体育中心北侧）,20000
无锡市山水氿城,宜兴市宜兴宜兴中学东侧500米,13500
无锡市吉祥国际花园,新吴硕放通祥北路19号,10000
无锡市龙湖紫云台,宜兴市宜兴东氿大道与龙潭路交叉处往南2公里,价格待定
无锡市龙湖紫云台,滨湖雪浪南泉蠡湖大道蠡湖大道万达城溪岸景园二区,30000
无锡市溪岸景园,宜兴市宜兴东氿大道与龙潭路交叉处往南2公里,价格待定
无锡市远东香邑,宜兴市宜兴远东大道与科技大道交汇处向西500米（龙湾东侧）,6000
无锡市恒大溪隐府,滨湖胡埭溪隐路100号（市体育中心北侧）,价格待定
无锡市硕放房产新区项目,新吴硕放机场路南侧、硕梅路西侧、硕果路北侧,价格待定
无锡市长泰国际社区,锡山东北塘先锋路与纺城大道交汇,12500
无锡市嘉德港与城,锡山东北塘莱特公司南、团结大道西,价格待定
无锡市嘉德港与城,滨湖胡埭运河西路西侧(航运大厦南侧),17000
无锡市润福置业锡山经济开发区项目,滨湖胡埭运河西路西侧(航运大厦南侧),18000
无锡市银华金融大厦,锡山东北塘锡港公路与花园滨路交汇口,8900
无锡市锡北星邻里国际花园,滨湖胡埭立信大道与金融六街交汇处东南侧,价格待定
无锡市绿地璀璨天城,滨湖胡埭丰润道与震泽路交汇处东北侧,价格待定
无锡市国联房地产太湖新城项目,锡山东北塘春合路近太湖大道,价格待定
无锡市塞纳庄园,滨湖胡埭长广溪国家湿地与环太湖湿地交汇处（南侧与江南景园隔河相望）,价格待定
无锡市塞纳庄园,滨湖胡埭长广溪国家湿地与环太湖湿地交汇处（南侧与江南景园隔河相望）,价格待定
无锡市信运现代城,新吴硕放太湖大道658号（太湖大道南侧，兴竹立交桥东堍）,7500
无锡市圣园,滨湖胡埭马山梅梁路南侧（太湖国家旅游管委会对面）,15000
无锡市太湖瑞仕花园,滨湖胡埭环太湖公路与渔港路交叉口东南侧,价格待定
无锡市昕湖坊,锡山东北塘月溪路108号（甘虞路与月溪路交汇处东北侧）,价格待定
无锡市无锡碧桂园,锡山东北塘锡东高铁站商务区新华路北、润锡路东，锡东大道西侧，锡沪路南侧,价格待定
无锡市明园星都,新吴硕放德育路201号(锦鸿路与德育路交汇处),价格待定
无锡市恒威中央领地,梁溪黄巷清名东路314号（清扬路与清名路交汇处往东20米）,价格待定
无锡市翠竹芙蓉山庄,锡山东北塘友谊北路与锡港路交界处,价格待定
无锡市翠竹芙蓉山庄,锡山东北塘友谊北路与锡港路交界处,价格待定
无锡市荣宏富家,锡山东北塘东港大道与东廊路交界处,9000
无锡市九龙仓玺园,梁溪黄巷动力路,价格待定
无锡市九龙仓玺园,梁溪黄巷南长街与金城路交汇处（古运河文化街的延伸段）,价格待定
无锡市香岛御墅,新吴硕放至德大道797号（至德大道与至礼路交汇处）,价格待定
无锡市长安哥伦布广场,惠山堰桥春惠路198号,30000
无锡市红豆天一华府,锡山东北塘锡沪路北老柏庄路西,25000
无锡市彩旸香江,梁溪黄巷羊腰湾路与向阳路交叉口东,25000
无锡市彩旸香江,梁溪黄巷羊腰湾路与向阳路交叉口东,价格待定
无锡市彩旸香江,梁溪黄巷羊腰湾路与向阳路交叉口东,25000
无锡市美的公园天下,锡山东北塘和祥路，近弘业东路,23000
无锡市华方科创中心,锡山东北塘东亭北路68号（东北塘中心幼儿园附近）,价格待定
无锡市香槟街铂悦府,滨湖胡埭青祁路与建筑路交汇处（新梁溪人家对面）,21000
无锡市世贸中心酒店,锡山东北塘新华路与兴吴路交汇处（锡东世贸中心展示中心）,价格待定
无锡市无锡缤悦湾电商公寓,惠山堰桥天翔路18号,价格待定
无锡市西溪悠然街,惠山堰桥上伟路与钱洛路交汇处,20000
无锡市无锡北邮国昊物联生态园,新吴硕放具区路与净慧东路东北侧,7500
无锡市佛奥天佑城,新吴硕放菱湖大道近和风路,12000
无锡市太平洋城中城天一公馆,惠山堰桥惠山大道与天一路交汇处,价格待定
无锡市华发中南装饰城地块,梁溪黄巷南湖大道与金石路交叉口东北侧,价格待定
无锡市中海凤凰熙岸,滨湖滨湖其他和风路和贡湖大道交汇处,14000
无锡市中广拾萬方,新吴硕放菱湖大道和清源路交汇处西南侧,价格待定
无锡市信义许舍地块,滨湖胡埭状元路与学府路交叉口西南侧,价格待定
无锡市佛奥天佑城,新吴硕放菱湖大道近和风路,价格待定
无锡市四季原著项目,惠山堰桥西石路南侧、凤鸣路西侧,价格待定
无锡市恒基旭辉府,宜兴市宜兴阳羡东路与东氿大道交汇处（万达对面）,13000
无锡市保集蓝郡,宜兴市宜兴新庄小学西侧,13000
无锡市保集蓝郡,宜兴市宜兴新庄小学西侧,8088
无锡市金水名都,宜兴市宜兴新街街道龙池路85号,18000
无锡市恒大珺睿府,宜兴市宜兴庆源大道与东氿大道交汇处往东300米,15000
无锡市保集蓝郡,宜兴市宜兴新庄小学西侧,价格待定
无锡市金水名都,宜兴市宜兴新街街道龙池路85号,10000
无锡市东氿一号,宜兴市宜兴东氿壹号会所（东氿大道旁）,13200
无锡市东氿一号,宜兴市宜兴解放东路北，东氿大道西侧,12000
无锡市建邦华悦氿峰,宜兴市宜兴中学北侧学府路与巷头东路交汇处,9200
无锡市无锡保华旺苑,梁溪黄巷建筑路400号（大统华超市旁）,19500
无锡市南丰汇项目,梁溪黄巷清扬路与永和路交汇处向东约300米（君来洲际酒店西侧）,价格待定
无锡市东宝康园,梁溪黄巷清扬路与滨水路交汇处,价格待定
无锡市御景名仕苑,惠山堰桥兴业路北、西新路南（前洲中心小学西）,价格待定
无锡市溪畔橡园,惠山堰桥石狮路101号,价格待定
无锡市天奇馨城,惠山堰桥人民南路128号,价格待定
无锡市家乐府,梁溪黄巷永乐路380号（清扬路与永乐路交汇处，家乐福旁）,14900
无锡市金科世界城,梁溪黄巷中南路8号（中南路与金城路交叉口东北侧）,价格待定
无锡市太湖锦园,滨湖胡埭渔港路111号,价格待定
无锡市明发商业广场,惠山堰桥惠山大道北环路888号,价格待定
无锡市中瑞一号项目,滨湖胡埭具区路与贡湖大道交叉口西北侧,价格待定
无锡市港下红豆万花城,锡山东北塘健康路和香山路交汇处,价格待定
无锡市港下红豆万花城,锡山东北塘健康路和香山路交汇处,10490
无锡市港下红豆万花城,锡山东北塘健康路和香山路交汇处,价格待定
无锡市无锡明园商务大厦,锡山东北塘和祥路210号（新华路与和祥路交汇处）,10000
无锡市万荟城,惠山堰桥锡澄路地铁1号线刘潭站南侧,10000
无锡市盛世兰亭苑,惠山堰桥陆区镇胜利路59号,价格待定
无锡市国际金融中心项目,惠山堰桥沪宁高铁惠山站区万花路与中惠路交叉口东南侧,价格待定
无锡市高达广场,锡山东北塘通江大道与312国道交汇处（无锡天鹏副食品城北面）,价格待定
无锡市紫金苑天郡,锡山东北塘泉山路与丰惠路的交汇处,8500
无锡市雅居乐旭辉藏珑府,滨湖河埒口梁溪路与蠡溪路交叉口西北侧,30500
无锡市荣盛华府,滨湖塘铁桥雅居乐中央府,25000
无锡市雅居乐中央府,宜兴市宜兴学府路与学院路交汇处往东200米,13000
无锡市雅达阳羡溪山,宜兴市宜兴街道绿园路南,7000
无锡市彩虹未来城,宜兴市宜兴阳羡湖南侧,价格待定
无锡市雅达阳羡溪山,宜兴市宜兴阳羡湖南侧,22000
无锡市海尔创智谷,锡山安镇新华路海尔创智谷,价格待定
无锡市翰林苑,宜兴市宜兴国土资源局西300米,8000
无锡市海尔创智谷,锡山安镇新华路海尔创智谷,价格待定
无锡市翰林苑,宜兴市宜兴国土资源局西300米,5500
无锡市融创大塘御园,梁溪黄巷凤滨路与江海西路交汇处西北侧（联东U谷对面）,价格待定
无锡市滨湖城市投资公司青祁路项目,宜兴市宜兴渚钢路111号,价格待定
无锡市福地桃溪,滨湖胡埭青祁路与展西路交叉口西北侧,价格待定
无锡市绿城无锡桃花源,滨湖胡埭缘溪道与新八路交汇处,价格待定
无锡市金源国际大厦,宜兴市宜兴分水街分百路8号,11000
无锡市龙玺太湖湾,新吴硕放旺庄路和湘江路交汇处,价格待定
无锡市融创氿园,宜兴市宜兴教育东路255号,16000
无锡市融创氿园,宜兴市宜兴教育东路255号,价格待定
无锡市永佳金龙名都,宜兴市宜兴陶都路东侧山前路北侧,6500
无锡市陶里文化商业街,宜兴市宜兴陶都路与川埠路交叉口西北角紫砂村对面,价格待定
无锡市恒大财富中心,滨湖胡埭立德路与吴都路交叉处,13000
无锡市天安智慧城,滨湖胡埭高浪路与菱湖大道交叉路口,6500
无锡市天富广场,锡山东北塘锡沙路与振新路交叉口东南侧,11000
无锡市深港宝阁丽,新吴硕放纺城大道299号,11594
无锡市大宗钢铁惠山项目,惠山堰桥新邺大道与玉泉路交叉口东北侧（晴山蓝城后面）,价格待定
无锡市无锡欢乐海洋世界,锡山东北塘锡北镇S228与西新路交汇处,价格待定
无锡市滨湖城市投资公司青祁路项目,滨湖胡埭青祁路与展西路交叉口西北侧,价格待定
无锡市华夏大厦,锡山东北塘高铁商务区广诚路东、延庆街南,价格待定
无锡市锡北泉山中心商业广场,锡山东北塘泾声路近泾达北路,11111
无锡市天宇商务大厦,锡山东北塘高铁站商务区丹山路东、延庆街南,价格待定
无锡市嘉福公寓,锡山东北塘团结中路近春江路,8500
无锡市香梅香墅,新吴硕放新区南星路与通祥路交叉口向南200米,16000
无锡市太湖嘉汇广场,滨湖胡埭大通路与立信大道的交汇处（周新苑对面）,价格待定
无锡市南方不锈钢国际交易中心,新吴硕放纺城大道289号（新兴路以北）,11000
无锡市无锡圆融广场,梁溪黄巷锡澄路近江海路,11000
无锡市香梅香墅,新吴硕放南星路与通祥路交叉口向南200米,价格待定
无锡市上海中心城开国际,滨湖胡埭太湖大道1886号（隐秀路口）,价格待定
无锡市嘉汇嘉园,新吴硕放湘江路以东、旺庄路以南、天山路以北（宝龙广场斜对面）,价格待定
无锡市港龙财智国际,惠山堰桥盛岸西路南侧、乐多花园西侧,价格待定
无锡市港龙财智国际,惠山堰桥盛岸西路南侧、乐多花园西侧,价格待定
无锡市恒隆广场写字楼,梁溪黄巷人民中路139号,价格待定
无锡市阳光100国际新城商铺,惠山堰桥天一新街1号（旅游商贸学校旁）,15000
无锡市红星大都汇,滨湖长广溪大学城观山路与五湖大道交汇处,20000
无锡市佛奥·天佑城,滨湖塘铁桥新吴区太科园菱湖大道与和风路交界处向西100米,12000
无锡市新发汇融净慧西道地块,新吴硕放新吴区净慧西道与和风路交叉口东北侧,价格待定
无锡市无锡圆融广场,梁溪民丰庄前梁溪区锡澄路与江海路交叉口东南侧,价格待定
无锡市华润橡树湾-万象公馆,惠山堰桥无锡市惠山区政和大道与欣惠路交叉口东南侧,价格待定
无锡市耘林锡海珈苑,滨湖湖滨商业街中桥苏锡路207号（贡湖大道西侧）,价格待定
无锡市宝龙世家,新吴生态园长江南路宝龙世家,价格待定
无锡市太湖雍华府,新吴新安菱湖大道招商宁乐路地块,价格待定
无锡市九如城氿麓花园,宜兴市宜兴东氿大道与宜浦路交叉口向东300米,16000
无锡市阳光100凤凰街,宜兴市宜兴解放东路帕佛伦斯酒店旁,20000
无锡市恒天紫金城,宜兴市宜兴通蜀东路和双桥路交汇（原韩国城）,11000
无锡市中交阳羡美庐,宜兴市宜兴阳羡生态旅游区玉女潭景区对面,17000
无锡市中交阳羡美庐,宜兴市宜兴阳羡生态旅游区玉女潭景区对面,13000
无锡市九龙依云,宜兴市宜兴荆邑路向南到底龙背山中（无锡工艺职业技术学校）,28571
无锡市中国宜兴国际环保城,宜兴市宜兴远东大道66号,价格待定
无锡市御景豪庭,宜兴市宜兴三鑫路88号（新建镇镇政府斜对面）,8000
无锡市鸿威东方雅园,宜兴市宜兴西施路185号,12000
无锡市鸿威东方雅园,宜兴市宜兴西施路185号,价格待定
无锡市玉麒会,惠山堰桥湖西路与锡玉路交口东北侧,16500
无锡市博大假日广场欢乐颂,滨湖胡埭蠡湖大道近高浪路,19500
无锡市博大假日广场欢乐颂,滨湖胡埭蠡湖大道近高浪路,19500
无锡市中国工业博览园工业设计中心,新吴硕放金城东路333号（五洲国际工业博览城东侧）,7000
无锡市无锡商会大厦,滨湖胡埭新城主干道和风路和立德道的交叉路口,10000
无锡市无锡恒生科技园,惠山堰桥中兴路与中惠路交叉口西北侧（沪宁高铁惠山站附近）,7500
无锡市御景珑庭,惠山堰桥崇文路北，西新路南（前洲中心小学西）,10000
无锡市华盛苑,新吴硕放行创四路近新光路,价格待定
无锡市新发汇融广场,新吴硕放太科园净慧东道和风路交汇处（新区科技文化交流中心对面）,价格待定
无锡市锡通科技大厦,新吴硕放菱湖大道180-8号（菱湖大道和风路交叉口）,价格待定
无锡市五洲国际广场银河城,梁溪黄巷广益路313号（广益路与江海路交汇处）,8700
无锡市茂业时代广场,梁溪黄巷中山路与解放北路交汇处（中山路618号）,15000
无锡市时代广场二期,惠山堰桥锡澄路与文惠路交汇处（惠山新城）,价格待定
无锡市时代广场二期,惠山堰桥锡澄路与文惠路交汇处（惠山新城）,价格待定
无锡市龙世西湖湾庄园,惠山堰桥民主路东、振祁路西（北至现状河道、南至现状河道）,价格待定
无锡市苏宁悦城,滨湖胡埭南湖大道西侧、观山路北侧（锡师附小旁）,价格待定
无锡市苏宁广场,梁溪黄巷人民中路111号,价格待定
无锡市华夏东港镇项目,锡山东北塘东港路北、金星路东,价格待定
无锡市华夏东港镇项目,锡山东北塘东港路北、金星路东,价格待定
无锡市华夏东港镇项目,锡山东北塘东港路北、金星路东,价格待定
无锡市建发玖里湾,锡山安镇山河路建发玖里湾,17500
无锡市华府天地尊园,滨湖海岸城市民中心观顺道华府天地尊园,60000
无锡市中堂院墅,锡山东亭友谊南路中堂,12000
无锡市富力城,新吴江溪江溪路富力城,31000
无锡市龙湖天璞,滨湖万象城东绛周新路龙湖天璞项目,价格待定
无锡市国美南长华府,梁溪清名桥梁溪区通扬路64号,价格待定
无锡市宝龙世家,新吴生态园长江南路宝龙世家,价格待定
无锡市龙湖天宸原著,惠山堰桥堰新路龙湖天宸原著,价格待定
无锡市中海寰宇天下,新吴坊前春华路与春合路交叉口,价格待定
无锡市绿地天空树,滨湖雪浪南泉蠡湖大道与具区路交汇处（华莱坞南侧）,价格待定
无锡市荷兰岛郁金香庄园,宜兴市宜兴氿南路宜园对面西侧300米郁金香庄园售楼处,价格待定
无锡市尚水名筑,宜兴市宜兴新城大道和振兴路交汇处,7500
无锡市岭秀首府,宜兴市宜兴东氿南岸（帕佛伦斯酒店往南200米）,价格待定
无锡市岭秀首府,宜兴市宜兴东氿南岸（帕佛伦斯酒店往南200米）,价格待定
无锡市万庭嘉融域,宜兴市宜兴庆源大道北侧，东氿大道东侧,16423
无锡市万庭嘉融域,宜兴市宜兴庆源大道北侧，东氿大道东侧,价格待定
无锡市优湖美地花园,宜兴市宜兴太湖大道、学府东路交叉处（新省宜中东侧）,13500
无锡市宜兴碧桂园,宜兴市宜兴孝侯路与芳溪路交汇口（阳山荡风景区对面）,11000
无锡市宜兴碧桂园,宜兴市宜兴孝侯路与芳溪路交汇口（阳山荡风景区对面）,价格待定
无锡市金汇熙园,宜兴市宜兴绿园路恒峰线缆对面,11000
无锡市索立得科技社区,锡山东北塘团结大道与春晖路交界口,6500
无锡市润华国际大厦,滨湖胡埭太湖大道与青祁路交叉口北侧（新体育中心旁）,18000
无锡市恒华科技园,滨湖胡埭绣溪路58号（江南大学南大门）,8000
无锡市国慧商务广场,惠山堰桥惠山大道108号（明发商业广场北面300m）,7500
无锡市麦库MYCO,新吴硕放长江北路106号(长江北路东侧、金城东路南侧),12000
无锡市蠡湖花都隐秀路项目,滨湖胡埭经贸路与隐秀路交叉口西北侧,价格待定
无锡市节能环保大厦,滨湖胡埭建筑西路99号（宝通大厦附近）,价格待定
无锡市建科COPO,滨湖胡埭蠡湖大道2018号,7000
无锡市华荣春晖科技园,锡山东北塘春晖路35号（团结路春晖路交叉口往东800米处）,价格待定
无锡市红豆东方财富广场,锡山东北塘丹山路西、东翔路北,价格待定
无锡市金洋·奥澜,惠山堰桥探索路1号,20000
无锡市绿地西水东,梁溪迎龙桥振新路与学前路交汇处,30000
无锡市东岭锡上,梁溪三阳广场人民中路东岭锡上项目,30000
无锡市玺悦珑庭,锡山东亭太湖大道光明长椿金属地块,价格待定
无锡市玺悦珑庭,锡山东亭太湖大道光明长椿金属地块,价格待定
无锡市富力运河十号,梁溪扬名南长区运河西路和芦村路交汇处,价格待定
无锡市富力运河十号,梁溪扬名运河西路和芦村路交汇处,22000
无锡市世茂璀璨时光,梁溪北大街锡沪路世茂璀璨时光,价格待定
无锡市彩旸香江,新吴塘南向阳路彩旸香江,25000
无锡市东岭锡上,梁溪三阳广场人民中路东岭锡上项目,价格待定
无锡市绿地璀璨天城,锡山东亭太湖大道与华夏南路交汇处,20000
无锡市华发首府,梁溪扬名南湖大道华发首府,20000
无锡市梅园欢乐广场,滨湖梅园滨湖区钱荣路与梅茶路交汇口,30000
无锡市梅园欢乐广场,滨湖梅园滨湖区钱荣路与梅茶路交汇口,13000
无锡市茂瑞府,惠山洛社雅中路茂瑞府,13000
无锡市太湖金茂逸墅,滨湖雪浪南泉新八路太湖金茂逸墅,24000
无锡市东锦家园,宜兴市宜兴[宜兴-和桥镇]闸口公路东面,6000
无锡市龙湖蠡湖天著,滨湖新体育中心中国\u3000无锡\u3000蠡湖\u3000太湖大道与环湖路交叉口往西２００米（蠡湖之光对面）,32000
无锡市百和国际花园,锡山安镇高铁商务区和祥路百和国际花园,20000
无锡市龙湖蠡湖天著,滨湖新体育中心中国\u3000无锡\u3000蠡湖\u3000太湖大道与环湖路交叉口往西２００米（蠡湖之光对面）,价格待定
无锡市明发国际新城,惠山西漳水岸雅苑97-601号,12000
无锡市红豆财富广场F公馆,锡山安镇[锡山-锡东]丹山路西、东翔路北,价格待定
无锡市荣悦湾,滨湖梅园观湖路荣悦湾,20000
无锡市恒大华府,滨湖塘铁桥南霞路恒大华府,21000
无锡市保利融侨时光印象,梁溪广益无锡市梁溪区锡虞路与桐桥港路交叉口,16000
无锡市长泰御园·悦公馆,新吴东亭锡山区锡沪路延伸段与纺城大道交汇处（英特宜家、锡山湿地公园旁）,147
无锡市洛城雅锦园,惠山洛社洛城大道102号雅中路与校园路交叉口东南侧,13000
无锡市远洋太湖宸章,新吴旺庄秀景路与净慧东道交汇处,17000
无锡市碧桂园金茂悦山,锡山锡北泾声路碧桂园金茂悦山,220
无锡市碧桂园金茂悦山,锡山锡北泾声路碧桂园金茂悦山,11500
无锡市无锡圆融广场,梁溪民丰庄前锡澄路与江海路交叉口东南侧,25000
无锡市长江领寓,新吴江溪长江北路长江领寓,55
无锡市龙湖阳光城璞悦项目,宜兴市宜兴宜官路龙湖阳光城璞悦项目,11000
无锡市华发首府,梁溪扬名南湖大道华发首府,价格待定
无锡市无锡圆融广场,梁溪民丰庄前锡澄路与江海路交叉口东南侧,价格待定
无锡市绿地璀璨天城,锡山东亭太湖大道与华夏南路交汇处,价格待定
无锡市小天鹅雍山府,梁溪山北盛岸西路和钱皋路交叉口,17500
无锡市洛城雅锦园,惠山洛社洛城大道102号雅中路与校园路交叉口东南侧,11000
无锡市永乐国际,梁溪黄巷暂无,价格待定
无锡市中电二公司原总部大楼,滨湖蠡湖新城蠡溪路888号,价格待定
无锡市宛溪雅居,锡山安镇联福路宛溪雅居,13500
无锡市无锡康桥府,滨湖河埒口青祁路无锡康桥府,500
无锡市吴樾东方,新吴梅村金城路吴樾东方,22000
无锡市远洋湖墅,滨湖华庄无锡市新吴区净慧东道与近湖路交叉口,260
无锡市融创文化旅游城,滨湖雪浪南泉具区路万达城兰园,22000
无锡市玫瑰香堤,锡山东北塘锦旺路1号,21000
无锡市小天鹅望山院墅,梁溪山北惠钱路与钱皋路交叉口,17000
无锡市悦湖官邸项目,惠山洛社洛城大道悦湖官邸项目,价格待定
无锡市银城蔚来,滨湖塘铁桥高浪路与南湖大道交汇处,240
无锡市宝能城,滨湖海岸城市民中心吴都路和观顺道交汇处,价格待定
无锡市国美南长华府,梁溪清名桥通扬路64号,18000
无锡市绿地观澜湾,梁溪北大街县前西街与解放西路交叉口西北侧,24000
无锡市翠屏·汇天地,锡山安镇新华路1099号,14000
无锡市宝龙世家,新吴生态园长江南路宝龙世家,13000
无锡市龙湖星悦荟,新吴旺庄太科园具区路与净慧西道交叉口处,13000
无锡市澜山郡,滨湖雪浪南泉蠡湖大道与清源路交汇处南侧,22000
无锡市万科有山,惠山阳山桃溪路与阳杨路交汇处向南100米,300
无锡市万科有山,惠山阳山桃溪路与阳杨路交汇处向南100米,12500
无锡市华夏世纪锦园南区,锡山安镇锡东大道与胶阳路交汇处,13000
无锡市龙世西湖湾,惠山玉祁民主路东、振祁路西,8000
无锡市世贸中心酒店,锡山安镇新华路西世贸中心酒店,价格待定
无锡市金轮湖晓兰庭,滨湖马山霞光路金轮湖晓兰庭,20000
无锡市阳光100国际新城北区,惠山西漳阳光100国际新城,15000
无锡市世茂璀璨时光,梁溪北大街锡沪路世茂璀璨时光,16000
无锡市国瑞洛社新城15号地块,惠山洛社雅中路国瑞洛社新城15号地块,价格待定
无锡市无锡康桥府,滨湖河埒口梁溪路与青祁路交叉口东南侧,价格待定
无锡市金科蠡湖,滨湖蠡湖新城金城西路金科蠡湖,28000
无锡市吴樾东方,新吴梅村金城路吴樾东方,16000
无锡市融创枫丹御园,新吴鸿山鸿山至德大道与三让路交汇处,13000
无锡市蠡湖金茂府,滨湖湖滨商业街金城西路与金水路交叉口西北侧,650
无锡市吉宝凌云峰阁,梁溪民丰庄前江海路南侧、锡澄路西侧,18000
无锡市长兴秀江南,江阴市江阴黄河东路8号,690
无锡市无锡保华马山项目,滨湖马山陆马公路无锡保华马山项目,价格待定
无锡市耘林锡海珈苑,滨湖湖滨商业街中桥苏锡路207号,价格待定
无锡市兰桂坊地块,滨湖海岸城市民中心贡湖大道兰桂坊地块,价格待定
无锡市国美南长华府,梁溪清名桥梁溪区通扬路64号,19000
无锡市中联公园里,锡山东北塘芙蓉六路枫林晚,10500
无锡市路劲蠡湖院子,滨湖蠡湖新城中南西路与蠡溪路交西南侧,535
无锡市周新立信大道地块,滨湖万象城东绛周新路周新立信大道地块,价格待定
无锡市宜兴恒大花溪小镇,宜兴市宜兴科技大道宜兴恒大花溪小镇,8500
无锡市寺头家园三期,惠山西漳天锦路寺头家园三期,11000
无锡市无锡奥凯城市广场,惠山前洲从商路与中惠路交叉口东北侧,价格待定
无锡市恒廷弘业路地块,锡山安镇先锋东路恒廷弘业路地块,价格待定
无锡市龙湖明园路地块,滨湖新体育中心明园路龙湖明园路地块,价格待定
无锡市金科集美壹品,惠山钱桥钱桥街道金科钱桥地块,价格待定
无锡市龙湖明园路地块,滨湖新体育中心明园路龙湖明园路地块,价格待定
无锡市金科集美壹品,惠山钱桥钱桥街道金科钱桥地块,价格待定
无锡市周新立信大道地块,滨湖万象城东绛周新路周新立信大道地块,价格待定
无锡市兰桂坊地块,滨湖海岸城市民中心贡湖大道兰桂坊地块,价格待定
无锡市万科翡翠东方,滨湖塘铁桥吴都路与南湖大道交汇处西北侧,30000
无锡市弘阳昕悦棠,惠山前洲从商路弘阳昕悦棠,11500
无锡市华发首府,梁溪扬名南湖大道华发首府,价格待定
无锡市无锡欢乐海洋世界,锡山锡北西新路无锡欢乐海洋世界,价格待定
无锡市绿地中央广场,梁溪清名桥永和路绿地中央广场,价格待定
无锡市北科建·无锡中关村软件园太湖分园,新吴新安太科园干城路6号,5500
无锡市IN立方创新空间,锡山东北塘芙蓉六路8号,价格待定
无锡市金都跃公馆,惠山堰桥政和大道298号（区行政服务中心旁）,价格待定
无锡市蓝城无锡江南里,梁溪黄巷南长街与塘泾路交叉口（水仙道院南侧）,价格待定
无锡市御景珑庭,惠山堰桥崇文路北，西新路南（前洲中心小学西）,10000
无锡市龙湖九里晴川,惠山阳山阳山锡陆路狮子山麓,价格待定
无锡市宝龙香槟湖,惠山玉祁惠山区玉祁唐平路与福西路交汇处,价格待定
无锡市吴月雅境,新吴鸿山锡梅路与鸿山路交汇处,500
无锡市华府庄园白金府邸,惠山堰桥惠山大道1525号,价格待定
无锡市龙泽半岛逸湾,惠山玉祁玉祁平湖城,11000
无锡市田园东方,惠山阳山阳山镇新河路与桃源东路交叉口西北侧,价格待定
无锡市栖霞栖园,滨湖梅园香雪路与渔港路交叉口的西北侧,26000
无锡市百乐和园,惠山钱桥盛岸西路与佰乐路路口,价格待定
无锡市香缇半岛,惠山钱桥盛岸路洋溪公园城内,价格待定
无锡市耘林生命公寓,滨湖华庄太科园具区路以南、净慧东道以西,18000
无锡市明发商业广场,惠山西漳惠山大道北环路888号,25000
无锡市长江一号,新吴旺庄旺庄路与长江路交汇口东南角,7800
无锡市保华敔山湾,江阴市江阴长山大道保华敔山湾,21000
无锡市保华旺苑,梁溪五爱广场迎龙路保华旺苑,价格待定
无锡市太平洋城中城,惠山西漳惠山大道与天一路交汇处,10000
无锡市雅居乐中央府,滨湖塘铁桥观山路与贡湖大道交汇处东南侧,价格待定
无锡市国际一花园,新吴坊前春华路168,13500
无锡市建发玖里湾,锡山安镇山河路建发玖里湾,25000
无锡市诚寓,新吴塘南学前东路诚寓,9500
无锡市富屹新城国际,滨湖华庄龙湖滟澜山艺墅580号,13000
无锡市荣悦湾,滨湖梅园观湖路荣悦湾,18000
无锡市蓝光雍锦园,锡山东亭二泉东路与团结中路交汇处,370
无锡市红豆香江豪庭,锡山安镇润锡路与兴吴路交界处,21000
无锡市寰宇中心,新吴坊前寰宇中心,价格待定
无锡市新震泽秀水坊项目,滨湖海岸城市民中心贡湖大道新震泽秀水坊项目,价格待定
无锡市深航置业五湖大道东项目,滨湖万象城东绛五湖大道深航置业五湖大道东项目,价格待定
无锡市西城荟,惠山钱桥钱桥大街343号,20000
无锡市涌金诚商业中心,新吴梅村新锦路涌金城商业中心,价格待定
无锡市保华旺苑,梁溪五爱广场迎龙路保华旺苑,价格待定
无锡市翠屏·汇天地,锡山安镇新华路1099号,20000
无锡市碧桂园湖悦天境项目,宜兴市宜兴太湖大道碧桂园湖悦天境项目,12000
无锡市碧桂园南光城,惠山洛社江海路与洛南大道交汇处,13000
无锡市太湖雍华府,新吴新安菱湖大道招商宁乐路地块,17000
无锡市美的中骏雍景湾,锡山东港东港大道美的市民公园北地块,12000
无锡市龙湖天鉅,惠山堰桥惠源路龙湖天鉅项目,15000
无锡市万科运河传奇,梁溪扬名南长街万科运河传奇,20000
无锡市龙湖天璞,滨湖万象城东绛周新路龙湖天璞项目,23500
无锡市紫光置业立信大道项目,滨湖海岸城市民中心立信大道紫光置业立信大道项目,价格待定
无锡市东岭锡上,梁溪三阳广场人民中路东岭锡上项目,价格待定
无锡市香樟公馆项目,江阴市江阴长山大道29号,价格待定
无锡市中邦·欢乐颂,新吴东亭太湖大道与春阳路交界处,7200
无锡市鸿威鸿景雅园,锡山锡北锡山区锡北新锡沙路与泉山路交汇,10500
无锡市吉宝澜岸铭邸,滨湖长广溪大学城金石路与高浪路交叉口东北侧,26000
无锡市积水住宅裕沁湖畔庭,滨湖华庄太科园菱湖大道以西、湖景路以北,550
无锡市阿维侬庄园,滨湖马山马山十里明珠堤与梅梁路交叉口,16000
无锡市ΜΟΜΛ春风湖上,锡山鹅湖鹅湖镇景园路东、望湖路北、新园桥路南,11500
无锡市富力十号,滨湖万象城东绛太湖新城高浪路与立信大道交汇处,35000
无锡市绿地西水东,梁溪迎龙桥振新路与学前路交汇处,40000
无锡市启迪协信·阿卡迪亚,滨湖华庄太湖国际科技园菱湖大道以东,16000
无锡市家乐苑,梁溪清名桥清扬路与永乐路交汇处永乐路380号,15000
无锡市万科观湖礼著,滨湖华庄太科园秀景路与国信支路交汇处,价格待定
无锡市银城蔚来,滨湖塘铁桥高浪路与南湖大道交汇处,45
无锡市美的国宾府,惠山西漳天丰路美的国宾府,16500
无锡市万科新酩悦,滨湖万象城东绛万顺路与大通路交叉口,23000
无锡市绿地西水晶舍,梁溪山北新惠路与广惠路交叉口东南侧,18500
无锡市中洲花溪樾,锡山鹅湖蘅芳路2号,18000
无锡市华润橡树湾,惠山堰桥政和大道与锡澄路交汇处,价格待定
无锡市华润江南府,新吴东亭东安路与云竹路交会处,31000
无锡市鸿墅,惠山堰桥惠山新城惠源路789号,价格待定
无锡市鸿坤理想湾,新吴鸿山至德大道797号,10000
无锡市路劲梅都府,新吴梅村泰伯大道路劲梅村脱普地块,17000
无锡市万科吴都路地块,滨湖塘铁桥吴都路万科吴都路地块,价格待定
无锡市玺悦珑庭,锡山东亭东亭街道东亭路与春新路交叉口西北侧,价格待定
无锡市吉宝富力城南地块,新吴江溪机场路吉宝富力城南地块,价格待定
无锡市苏源万寿站地块,惠山前洲万寿路苏源万寿站地块,价格待定
无锡市蠡湖一号,滨湖湖滨商业街中桥苏锡路207号,价格待定
无锡市耘林锡海珈苑,滨湖蠡湖新城金城西路与青祁路交汇处金城西路（蠡湖公园对面）,650
无锡市蠡湖一号,滨湖蠡湖新城金城西路与青祁路交汇处金城西路（蠡湖公园对面）,20000
无锡市首开永泰渔港路地块,滨湖梅园渔港路首开永泰渔港路地块,价格待定
无锡市佛奥·天佑城,滨湖雪浪南泉状元路信义状元路地块,价格待定
无锡市信义状元路地块,滨湖塘铁桥太科园菱湖大道与和风路交界处向西100米,12000
无锡市绿城凤起和鸣,滨湖海岸城市民中心立信大道与和风路交汇处,32000
无锡市银城蔚来,惠山洛社中央路华广新城西路地块,价格待定
无锡市华广新城西路地块,滨湖塘铁桥高浪路与南湖大道交汇处,16000
无锡市无锡世奥广场,锡山安镇翠山路东、兴吴路北,价格待定
无锡市中锐星公元,滨湖塘铁桥贡湖大道与塘铁桥路交叉口东南侧,29000
无锡市阳光100喜马拉雅,滨湖海岸城市民中心立信大道与和风路交叉口,20000
无锡市太湖ONE,滨湖雪浪南泉延安西路1358号,19000
无锡市溪岸景园,滨湖雪浪南泉蠡湖大道蠡湖大道万达城溪岸景园二区,22000
无锡市中洲花溪樾,锡山鹅湖蘅芳路2号,13000
无锡市新力帝泊湾,滨湖胡埭胡埭镇人民东路与刘闾路交汇处,260
无锡市新力帝泊湾,滨湖胡埭胡埭镇人民东路与刘闾路交汇处,12500
无锡市时代城,惠山钱桥上伟路与香缇路交汇处,12000
无锡市上置江南华府,新吴鸿山鸿山国际新城至德大道797号,价格待定
无锡市锦熙府,梁溪黄巷中山路与凤翔路交叉口东南侧,17000
无锡市红豆首府二期,锡山东亭东港镇锡港路与运河路交叉口东北处,12000
无锡市红星大都汇,滨湖长广溪大学城观山路与五湖大道交汇处,100
无锡市万科天一玖著,惠山西漳天昌路南侧、凤鸣路西侧,17000
无锡市龙山大厦,滨湖荣巷梁青路与鸿桥路交叉口东南侧梁清路555号,11000
无锡市融创东方御园,锡山安镇山河路山河雅园80号,17000
无锡市中联公园里,锡山东北塘东亭北路、兴塘河旁,10000
无锡市中联公园里,锡山东北塘东亭北路、兴塘河旁,价格待定
无锡市绿地观澜湾,梁溪北大街县前西街与解放西路交叉口西北侧,15000
无锡市金科米兰花园,新吴江溪江溪路28号,19000
无锡市长广溪旭天科技谷,滨湖雪浪南泉绣溪道55号,7500
无锡市奥体紫兰园,新吴鸿山锦鸿路奥体紫兰园,价格待定
无锡市星洲科技商务园,新吴旺庄锡新一路星洲科技商务园,7800
无锡市百好锦园三期,惠山堰桥锡澄路百好锦园三期,11000
无锡市宛溪雅居,锡山安镇联福路宛溪雅居,11000
无锡市朗诗太湖绿郡,滨湖塘铁桥新市民中心东侧,价格待定
无锡市中城誉品,滨湖河埒口梁溪路与孙蒋路交叉口西南侧,18500
无锡市太湖瑞仕花园,滨湖梅园环太湖公路与渔港路交叉口东南侧,20000
无锡市九龙仓碧玺A区,梁溪扬名通扬南路与新光路交叉口往北200米,18500
无锡市小天鹅雍山府,梁溪山北盛岸西路和钱皋路交叉口,17500
无锡市恒大御峰,锡山东亭二泉东路与纺达路交汇处,23000
无锡市恒大观澜府,锡山东北塘东北塘芙蓉五路与承塘路交叉口,17000
无锡市中海寰宇天下,新吴坊前春华路与春合路交叉口,16000
无锡市中海凤凰熙岸,滨湖华庄中海凤凰熙岸,15000
无锡市金宸国际花园,江阴市江阴花北路南侧、北潮河路东侧（项目现场）,8200
无锡市御景名仕苑,惠山前洲前洲镇兴业路北、西新路南,320
无锡市小天鹅望山院墅,梁溪山北惠钱路与钱皋路交叉口,17000
无锡市华夏东城一品,锡山安镇锡沪路与西安路交界处,14000
无锡市玫瑰香堤,锡山东北塘东北塘芙蓉五路与承塘路交界处(北邻东北塘实验小学),21000
无锡市嘉盛维纳阳光,惠山堰桥惠山新城金惠路与吴韵路交汇处,11000
无锡市香榭一品,梁溪五爱广场人民西路148号,20000
无锡市富力运河十号,梁溪扬名运河西路和芦村路交汇处,23000
无锡市金域香颂,锡山安镇锡沪路与人民路交叉处，人民路东，锡沪路南,12000
无锡市盛世兰亭,惠山阳山阳山镇胜利路,350
无锡市世纪明珠,锡山羊尖羊尖高中西，育才西路南,7500
无锡市东宝康园,梁溪扬名清扬路313号,12000
无锡市中海英伦观邸,滨湖胡埭胡埭镇安泰路与芙蓉北路交汇处,11000
无锡市润华国际大厦,滨湖新体育中心太湖大道与青祁路交叉口北侧,20000
无锡市万科天一新著,惠山西漳惠山天锦路和凤鸣路交汇,16000
无锡市中洲崇安府,梁溪广益锡沪东路与广和路交汇处,20000
无锡市华夏文华国际,锡山东亭华夏中路3号,13000
无锡市华宸·汇普金融大厦,梁溪扬名通扬南路55-2号汇普金融大厦接待中心,13000
无锡市红梅·新天地,梁溪北大街县前西街与解放西路交叉口西北侧,价格待定
无锡市前洲五洲国际广场,惠山前洲前洲中兴路与唐平大道交汇处,20000
无锡市西城荟,惠山钱桥钱桥大街343号,28000
无锡市多友·嘉悦中心,新吴江溪长江路万科东郡东北侧,8500
无锡市蓝光雍锦园,锡山东亭二泉东路与团结中路交汇处,14000
无锡市硕放香梅哥伦布广场,新吴硕放硕放裕丰路以东、南星路以南,28000
无锡市芙蓉山庄B区,锡山东北塘友谊北路芙蓉山庄B区,12000
无锡市香槟街铂悦府,滨湖新体育中心青祁路与建筑路交接处,21000
无锡市印象剑桥,滨湖马山常乐路8号,22000
无锡市金都花园,惠山堰桥政和大道298号,12000
无锡市半山一号,滨湖马山环山东路1号,1600
无锡市映月华府,锡山安镇高铁商务区山河路与润锡路交叉口,14000
无锡市富力城,新吴江溪江溪板块锡士路西侧、机场路东侧、金城路南侧、江西路北侧,31000
无锡市堰湾长堤,惠山堰桥堰桥街道锡澄路与堰新路交叉口西北侧,10500
无锡市弘阳三万顷,滨湖马山太湖国家旅游度假区环山东路8号,311
无锡市吉祥国际花园,梁溪广瑞广丰江海路西侧广益路北侧,18500
无锡市融侨悦府,新吴硕放通祥北路19号,10000
无锡市金桂尚苑,梁溪中桥太湖大道以北、金星路以南,15000
无锡市南方港湾城,新吴坊前纺城大道289号,66
无锡市美的公园天下,锡山安镇和祥路南，弘业东路东,16000
无锡市美新玫瑰庄园,梁溪中桥湖滨路809号,24000
无锡市天安曼哈顿,新吴坊前江华路18号,13000
无锡市明发国际新城,惠山西漳水岸雅苑97-601号,12000
无锡市中威国际公寓,惠山堰桥惠山区文惠路与吴韵路交叉口(惠山区政府正对面),6500
无锡市天元世家,新吴梅村新韵北路与锡贤路交叉口,200
无锡市碧桂园梅公馆,梁溪迎龙桥红星路28号,20000
无锡市万业观山泓郡,锡山安镇东翔路1509号,18000
无锡市深港亚太中心,新吴坊前纺城大道299号,11000
无锡市锡北泉山中心商业广场,锡山锡北泾声路北侧、泾达北路西侧,14500
无锡市四季公寓,新吴坊前纺城大道288号,9000
无锡市昕湖坊,锡山鹅湖鹅湖镇甘虞路东、月溪路北,10000
无锡市中南君悦府,新吴硕放新吴区空港产业园环太湖高速公路南侧、通祥路西侧,14500
无锡市九龙仓御玺,新吴塘南塘南路114号,价格待定
无锡市御景华庭,锡山羊尖羊尖镇育才路与新羊大道交汇处,价格待定
无锡市无锡奥凯城市广场,惠山前洲从商路与中惠路交叉口东北侧,8000
无锡市盛唐乐享城,梁溪黄巷民丰路275-279号,18000
无锡市万科V+米寓,新吴江溪长江北路与叙康路交汇处金域缇香科技生活馆,13000
无锡市五洲国际广场·银河城,梁溪广益广益路与江海路交汇处,6300
无锡市五洲国际广场·银河城,梁溪广益广益路与江海路交汇处,8700
无锡市天富广场,锡山锡北锡北镇锡沙路与振新路交叉口东南侧,11000
无锡市五洲国际小商品城,惠山钱桥盛岸西路668号,10000
无锡市新联钢大厦,梁溪广益广益路1288号,6800
无锡市联东U谷无锡总部商务园,梁溪民丰庄前凤宾路100号总部商务园,12000
无锡市晶石国际中心,锡山东亭东亭中路20号,13000
无锡市龙湖九墅天玺,锡山东亭友谊路与锡沪路交叉口,价格待定
无锡市阿维侬庄园,滨湖马山马山十里明珠堤与梅梁路交叉口,16000
无锡市正大万物城,新吴生态园长江南路与新华路交汇处,13000
无锡市金科米兰花园,新吴江溪江溪路28号,14000
无锡市西溪碧桂园,惠山钱桥上伟路和钱洛路交汇处,10000
无锡市融创玉兰璟园,锡山东北塘东亭路与春塘路交汇处金瑚湿地公园内,13500
无锡市蓝光雍锦里,锡山东亭东亭路与春鑫路交汇处,12000
无锡市恒大绿洲,锡山东亭东亭南路、太湖大道交界处向南100米,价格待定
无锡市绅华府,新吴生态园高浪路与锡士路交汇处,11000
无锡市彩虹城,新吴旺庄长江路11号千禧大酒店,35000
无锡市苏宁广场,梁溪三阳广场人民路与新生路交汇处,18000
无锡市金洋·奥澜,惠山堰桥探索路1号,150
无锡市恒大财富中心,滨湖海岸城市民中心太湖新城立德路与吴都路的交汇处嘉业财富中心8号,14000
无锡市太湖锦绣园,滨湖梅园渔港路与望湖路南,2000
无锡市凤鸣山庄,新吴鸿山鸿山新市镇锡贤路以南,370
无锡市太湖锦园,滨湖梅园渔港路111号,3600
无锡市保利中央公园,新吴江溪长江北路哥伦布广场南侧,43000
无锡市圣园,滨湖马山太湖国家旅游度假区梅梁东路南侧,16000
无锡市绿地西水东,梁溪迎龙桥振新路与学前路交汇处,23000
无锡市中海新天地,滨湖海岸城市民中心和风路与贡湖大道交汇处,19000
无锡市中梁首府壹号,锡山安镇新华路东、兴越路南,28000
无锡市国信世家璞园,新吴坊前金城东路与锡兴路交汇处,264
无锡市蠡湖金茂府,滨湖湖滨商业街金城西路与金水路交叉口西北侧,31000
无锡市荣宏富家,锡山东港东港大道与东廊路交界处,9000
无锡市红豆人民路九号,梁溪上马墩锡沪路与江海路交叉口西南侧,17000
无锡市茂业天地观园,梁溪清名桥文华路茂业天地观园,18000
无锡市首创悦府,新吴江溪悦府园,25000
无锡市山水湖滨花园二期,滨湖湖滨商业街金城西路266号,20000
无锡市时代国际,梁溪清名桥太湖广场西南侧,17000
无锡市时代国际,梁溪清名桥太湖广场西南侧,15000
无锡市锋尚文创中心,梁溪黄巷民丰路168号,8900
无锡市上海中心城开国际,滨湖新体育中心太湖大道1888号（隐秀路口）,17000
无锡市创源大厦,新吴旺庄长江路21－1号长江路与黄山路交界处,8500
无锡市九龙仓国金中心,梁溪清名桥太湖广场钟书路99号,20000
无锡市中联公园里,锡山东北塘东亭北路、兴塘河旁,10300
无锡市梅里古都,新吴梅村梅村新华路,13000
无锡市长安哥伦布广场,惠山堰桥安春惠路与石新路交界,30000
无锡市融创枫丹御园,新吴鸿山鸿山至德大道与三让路交汇处,13500
无锡市嘉汇环球中心,新吴旺庄旺庄路湘江路金源商务中心B座,价格待定
无锡市汇坚国际QQ公寓,梁溪广益中元路8号,13000
无锡市龙玺太湖湾,宜兴市宜兴无锡宜兴周铁镇分百路8号,22000
无锡市绿地璀璨天城,锡山东亭太湖大道与华夏南路交汇处,价格待定
无锡市水畔兰庭,江阴市江阴祝塘镇环东路西侧、青祝河南侧,6800
无锡市绿地天空树,滨湖雪浪南泉蠡湖大道与具区路交汇处（华莱坞南侧）,22000
无锡市融创运河壹号府,梁溪清名桥塘南路131号,价格待定
无锡市观山名筑南区,滨湖塘铁桥观山名筑高浪路与瑞景道,15500
无锡市永利翡翠庄园,惠山钱桥钱桥大街北、育新路西,20000
无锡市太平洋城中城,惠山西漳惠山大道与天一路交汇处,13000
无锡市水岸名府,锡山鹅湖鹅湖镇蘅芳路1号,15500
无锡市融创森邻森邻,新吴生态园新吴区高浪路南侧、机场路东侧，地块紧邻高浪路立交,13500
无锡市中锐琅石名筑,滨湖万象城东绛信成道和闪溪河交汇处,23000
无锡市启迪协信·壹克拉,滨湖塘铁桥净慧东道和震泽路交界处,52
无锡市启迪协信·阿卡迪亚,滨湖华庄太湖国际科技园菱湖大道以东,19000
无锡市博大假日广场,滨湖长广溪大学城蠡湖大道与高浪交叉口西北侧,25000
无锡市恒威中央领地,梁溪清名桥清扬路,16000
无锡市红星大都汇,滨湖长广溪大学城观山路与五湖大道交汇处,40
无锡市复地拜伦湾,惠山堰桥政和大道99号,13500
无锡市理想城市花园七期,惠山堰桥惠山大道与金惠路交汇处,13000
无锡市富力桃园,新吴旺庄泰山路富力桃园,20000
无锡市融侨观邸一期,新吴江溪内环线东中央公园南侧,12500
无锡市绿地悦澜湾,惠山堰桥惠山大道与华惠路交汇处,10500
无锡市绿城雅园,滨湖胡埭胡杨路与刘闾路交叉口,850
无锡市路劲蠡湖院子,滨湖蠡湖新城中南西路与蠡溪路交西南侧,21000
无锡市惠都上府名园,惠山洛社洛城大道117号,13500
无锡市九龙仓时代上城C区,梁溪中桥清名路（清宁大桥南堍）,17500
无锡市鸿坤理想湾,新吴鸿山至德大道797号,11000
无锡市世贸公馆,梁溪清名桥太湖大道与清扬路交叉口东南角,17000
无锡市深港宝阁丽,新吴坊前东安路与新竹路交汇处,380
无锡市红豆·首府,江阴市江阴港下红豆万花城营销中心(红豆集团西门对面),11000
无锡市玉兰花园西三区,滨湖海岸城市民中心高浪路与立德路交汇处,18000
无锡市万健广场,惠山钱桥盛岸西路与新业大道交叉口,16000
无锡市春华里,新吴坊前春华路以西、泰伯大道以北、泰伯广场以东、国际一花园以南,18000
无锡市梦享城,惠山堰桥政和大道北、源生路西,7000
无锡市金盛华彩荟,梁溪广益广益路299号,9500
无锡市长江一号,新吴旺庄旺庄路与长江路交汇口东南角,8000
无锡市信运现代城,新吴江溪太湖大道658号,7500
无锡市万荟城,惠山刘潭锡澄路地铁一号线刘潭站南侧,8000
无锡市印象湖滨路劲,滨湖湖滨商业街中南西路与湖滨路交汇处,价格待定
无锡市香岛御墅,新吴鸿山鸿山街道EW3路北侧,价格待定
无锡市红梅·新天地,梁溪北大街县前西街与解放西路交叉口西北侧,价格待定
无锡市华润橡树湾,惠山堰桥政和大道与锡澄路交汇处,11000
无锡市红豆香江豪庭,锡山安镇润锡路与兴吴路交界处,15500
无锡市华夏世纪锦园南区,锡山安镇锡东大道与胶阳路交汇处,14500
无锡市万科海上传奇,滨湖万象城东绛大通路以北、信成道以东,25000
无锡市万科信成道,滨湖海岸城市民中心信成道高浪路交汇处（观顺道西侧）,25000
无锡市万科金域缇香,新吴江溪太湖大道长江北路,16000
无锡市长泰国际社区,锡山东亭锡沪路延伸段与纺城大道交汇处,14000
无锡市金轮星光名座生活广场,新吴江溪长江北路与前卫路交叉口,10000
无锡市龙世西湖湾,惠山玉祁民主路东、振祁路西,12000
无锡市积水住宅裕沁湖畔庭,滨湖华庄太科园菱湖大道以西、湖景路以北,23000
无锡市海岸城·八方汇,滨湖海岸城市民中心太湖新城立信大道与和畅路（原方庙路）交汇处,50000
无锡市蠡湖瑞仕花园,滨湖蠡湖新城东至蠡溪路南至陆典桥浜,23000
无锡市融创东方御园,锡山安镇山河路山河雅园80号,16000
无锡市利华广场,新吴江溪金城东路与前卫路交叉口西侧,11000
无锡市光华时代广场,梁溪上马墩人民东路与马巷路交汇处,14000
无锡市无锡圆融广场,梁溪民丰庄前锡澄路与江海路交叉口东南侧,11000
无锡市红豆·万花城,锡山东港东港镇锡港路以北，健康路以东，香山路以南(红豆集团西门对面),10000
无锡市中隆·润熙府,锡山安镇锡东新城锡沪路与润锡路交汇处南200米,价格待定
无锡市阳光100汀枫渡,惠山西漳堰桥镇西漳天一新街,25000
无锡市锡北星邻里,锡山锡北锡港公路与花园滨路交汇口,13000
无锡市华盛苑,滨湖万象城东绛行创四路和新光路交叉路口,13000
无锡市华润江南府,新吴东亭东安路与云竹路交会处,16000
无锡市广汇金色华府,惠山西漳惠山大道和天丰路交叉口,11000
无锡市红豆天一华府,锡山东亭锡沪路北老柏庄路西,22000
无锡市恒大悦珑湾,梁溪黄巷中山路金太湖国际广场西北侧,24000
无锡市万科北门塘上,梁溪黄巷广石西路与凤宾路交叉口西南侧,17500
无锡市碧桂园梅公馆,新吴梅村新韵北路与锡贤路交叉口,25000
无锡市九龙仓玺园D区,梁溪扬名南长街与金城路交汇处,1000
无锡市港悦华府,锡山东港东港镇锡港西路与兴港路交汇处,310
无锡市华府天地尊园,滨湖海岸城市民中心观顺道华府天地尊园,26000
无锡市鸿墅,惠山堰桥惠山新城惠源路789号,15000
无锡市耘林生命公寓,滨湖华庄太科园具区路以南、净慧东道以西,18000
无锡市保利达江湾城,梁溪北大街胜利门解放北路20号,价格待定
无锡市栖霞栖园,滨湖梅园香雪路与渔港路交叉口的西北侧,20000
无锡市藕乐汇·悦府Ⅱ期,惠山钱桥藕塘镇342省道以南，园区东路以西，藕塘大道以东,10000
无锡市乙画苑,惠山玉祁玉祁镇，东至振祁路，南至暮桥路，北至规划新桥路,15000
无锡市东方天郡,锡山东北塘东亭北路与芙蓉六路交汇处,12000
无锡市万科维园,新吴梅村锡义路与梅西路交汇处,15000
无锡市阳光100阿尔勒,惠山刘潭北环路与新锡澄路交叉处,价格待定
无锡市吉宝凌云峰阁,梁溪民丰庄前江海路南侧、锡澄路西侧,18000
无锡市龙湖九里晴川,惠山阳山阳山锡陆路狮子山麓,10545
无锡市龙泽半岛逸湾,惠山玉祁玉祁平湖城,7500
无锡市ΜΟΜΛ春风湖上,锡山鹅湖鹅湖镇景园路东、望湖路北、新园桥路南,20000
无锡市宝龙香槟湖,惠山玉祁玉祁唐平路与福西路交汇处,9800
无锡市吴月雅境,新吴鸿山锡梅路与鸿山路交汇处,17000
无锡市溪畔橡园,惠山石塘湾石塘湾石狮路与福邸路交汇处,11000
无锡市恒大城,锡山安镇高铁商务区锡沪路南、东翔路（原新韵路）东,18500
无锡市鸿威鸿景雅园,锡山锡北锡北新锡沙路与泉山路交汇,10500
无锡市海岸城郦园,滨湖海岸城市民中心海岸城郦园,25000
无锡市栖霞栖庭,梁溪中桥湖滨路与太湖大道交叉口东北侧,19500
无锡市融创银城惠山国际社区,惠山洛社洛社镇洛南大道与钱洛路交汇处,12600
无锡市华府庄园白金府邸,惠山堰桥惠山大道1525号,14000
无锡市塞纳公馆,惠山玉祁玉祁平湖新城(锡玉路与湖西路的交汇口),9100
无锡市苹果园幸福城,惠山钱桥县前西街106号,150
无锡市朗诗新郡,滨湖塘铁桥高浪路与贡湖大道交汇处东南侧,价格待定
无锡市实地玫瑰庄园,惠山玉祁惠山区前洲街道中惠路和曙光南路交叉口东北侧,9000
无锡市金丰观湖铂庭,滨湖梅园观湖路88号,21000
无锡市香缇半岛,惠山钱桥盛岸路洋溪公园城内,10000
无锡市百乐和园,惠山钱桥盛岸西路与佰乐路路口,14000
无锡市博大假日广场,滨湖长广溪大学城蠡湖大道与高浪交叉口西北侧,16000
无锡市天奇馨城,惠山洛社惠山区洛社人民南路128号,9500
无锡市融创玉兰公馆,惠山堰桥华惠路与惠景路交汇处,14000
无锡市康诗丹郡,梁溪上马墩广源路1号,14800
无锡市中邦·欢乐颂,新吴东亭太湖大道与春阳路交界处,11000
无锡市中建溪岸观邸,滨湖河埒口湖滨路与住友路交汇处,21000
无锡市嘉德水韵金阁,滨湖河埒口运河西路西侧,18000
无锡市朗诗太湖绿郡,滨湖塘铁桥新市民中心东侧,价格待定
无锡市洛城中央御景,惠山洛社洛城大道洛城中央御景,9500
无锡市融创·瑷颐湾,滨湖海岸城市民中心信成道与观山路交汇处,25000
无锡市吉宝澜岸铭邸,滨湖长广溪大学城金石路与高浪路交叉口东北侧,24500
无锡市锦翠嘉苑,惠山玉祁玉祁镇唐平湖区域曙光路东、洛洲路西西新路北交汇处,9100
无锡市华润悦府,滨湖河埒口梁溪路以南湖滨路以西,21800
无锡市恒大御澜湾,锡山东北塘春塘路与承塘路交汇处,12000
无锡市启迪协信·无锡科技城,梁溪山北江海西路888号（原金山北科技园会岸路88号）,13800
无锡市世茂时光里,梁溪北大街兴源北路与春申路交界处,价格待定
无锡市宝能城,滨湖海岸城市民中心吴都路和立信大道交汇处,23000
无锡市尚锦城C区,滨湖塘铁桥高浪路与南湖大道（中南路延伸段）交汇处,17000
无锡市鸿景中央府,新吴鸿山鸿山街道经十一路东侧、欣鸿路南侧、鸿新路西侧、唐明河北侧,12800
无锡市中海珑玺,滨湖塘铁桥观山路169号,16500
无锡市富力十号,滨湖万象城东绛太湖新城高浪路与立信大道交汇处,25000
无锡市启迪协信·梁溪本源,梁溪山北江海西路888号,16500
无锡市世茂御龙湾,江阴市江阴世茂御龙湾,价格待定
无锡市碧桂园暨阳府,江阴市江阴虹桥路栋碧桂园暨阳府,14000
无锡市碧桂园凤凰公馆,江阴市江阴环东路和东华路交汇处东北侧,350
无锡市十里明珠,滨湖马山常乐路8号,330
无锡市龙湖天宸原著,惠山堰桥堰新路龙湖天宸原著,350
无锡市龙湖天宸原著,惠山堰桥堰新路龙湖天宸原著,16000
无锡市香槟花园,滨湖胡埭振胡路115号,11000